DATE_TIME,PLANT_ID,SOURCE_KEY,DC_POWER,AC_POWER,DAILY_YIELD,TOTAL_YIELD,AMBIENT_TEMPERATURE,MODULE_TEMPERATURE,IRRADIATION,HOUR,DAY,MONTH,DAY_OF_WEEK,WEEK_OF_YEAR,IS_PEAK_HOUR,TEMP_DIFFERENCE,IRRADIATION_EFFICIENCY,PREVIOUS_AC_POWER,ROLLING_MEAN_AC_POWER
2020-06-17 14:30:00,4136001,9kRcWv60rDACzjR,499.3928571428571,489.5785714285714,3162.642857142857,2247915260.6428566,27.349096793103453,29.94526520689656,0.3096930779310345,14,17,6,2,25,1,2.5961684137931087,1580.340576678606,807.1,715.2636904761915
2020-06-17 14:30:00,4136001,Et9kgGMDl729KT4,454.9333333333333,446.52,3066.2000000000003,1853208.2,27.349096793103453,29.94526520689656,0.3096930779310345,14,17,6,2,25,1,2.5961684137931087,1441.3491837264464,489.5785714285714,581.0661904761914
2020-06-17 14:30:00,4136001,LlT2YUhhzqhg5Sw,492.60666666666657,482.9666666666667,3101.8,282787945.79999995,27.349096793103453,29.94526520689656,0.3096930779310345,14,17,6,2,25,1,2.5961684137931087,1558.9976054086778,446.52,473.021746031747
2020-06-17 14:30:00,4136001,Mx2yZCDsyf6DPfv,511.2533333333333,501.18,3369.666666666667,2682279.666666667,27.349096793103453,29.94526520689656,0.3096930779310345,14,17,6,2,25,1,2.5961684137931087,1617.789536638942,482.9666666666667,476.8888888888899
2020-06-17 14:30:00,4136001,NgDl19wMapZy17u,502.63999999999993,492.7533333333333,3184.7333333333336,111744910.73333332,27.349096793103453,29.94526520689656,0.3096930779310345,14,17,6,2,25,1,2.5961684137931087,1590.5885845616892,501.18,492.3000000000009
2020-06-17 14:30:00,4136001,PeE6FRyGXUgsRhN,497.4666666666667,487.71333333333325,3229.2,1348548185.2,27.349096793103453,29.94526520689656,0.3096930779310345,14,17,6,2,25,1,2.5961684137931087,1574.3196606926997,492.7533333333333,493.8822222222232
2020-06-17 14:30:00,4136001,Qf4GUc1pJu5T6c6,501.92666666666656,492.09333333333336,3334.6,838645612.6,27.349096793103453,29.94526520689656,0.3096930779310345,14,17,6,2,25,1,2.5961684137931087,1588.4581302455124,487.71333333333325,490.8533333333342
2020-06-17 14:30:00,4136001,Quc1TzYxW2pYoWX,414.6466666666667,407.33333333333337,2828.4666666666667,329645004.46666664,27.349096793103453,29.94526520689656,0.3096930779310345,14,17,6,2,25,1,2.5961684137931087,1314.8561486709948,492.09333333333336,462.380000000001
2020-06-17 14:30:00,4136001,V94E5Ben1TlhnDV,502.79333333333335,492.9266666666666,3288.0000000000005,1412291479.0,27.349096793103453,29.94526520689656,0.3096930779310345,14,17,6,2,25,1,2.5961684137931087,1591.148097816443,407.33333333333337,464.1177777777787
2020-06-17 14:30:00,4136001,WcxssY2VbP4hApt,509.02857142857147,499.0142857142857,3272.6428571428573,181910859.6428572,27.349096793103453,29.94526520689656,0.3096930779310345,14,17,6,2,25,1,2.5961684137931087,1610.7986952031742,492.9266666666666,466.4247619047629
2020-06-17 14:30:00,4136001,mqwcsP2rE7J0TFp,501.29333333333335,491.4666666666667,3179.8,593813952.8,27.349096793103453,29.94526520689656,0.3096930779310345,14,17,6,2,25,1,2.5961684137931087,1586.4352746321724,499.0142857142857,494.4692063492073
2020-06-17 14:30:00,4136001,oZ35aAeoifZaQzV,513.4200000000001,503.3133333333333,3391.7333333333327,1660187817.733333,27.349096793103453,29.94526520689656,0.3096930779310345,14,17,6,2,25,1,2.5961684137931087,1624.675853620525,491.4666666666667,497.9314285714296
2020-06-17 14:30:00,4136001,oZZkBaNadn6DNKz,507.0799999999999,497.12000000000006,3335.333333333333,1708286670.3333333,27.349096793103453,29.94526520689656,0.3096930779310345,14,17,6,2,25,1,2.5961684137931087,1604.6840146333673,503.3133333333333,497.3000000000009
2020-06-17 14:30:00,4136001,q49J1IKaHRwDQnt,494.2066666666667,484.5266666666667,3130.8,519731.8,27.349096793103453,29.94526520689656,0.3096930779310345,14,17,6,2,25,1,2.5961684137931087,1564.0332247014603,497.12000000000006,494.9866666666677
2020-06-17 14:30:00,4136001,rrq4fwE8jgrTyWY,471.7933333333333,462.7666666666667,2950.933333333333,121130375.93333334,27.349096793103453,29.94526520689656,0.3096930779310345,14,17,6,2,25,1,2.5961684137931087,1493.7927914893144,484.5266666666667,481.4711111111121
2020-06-17 14:30:00,4136001,vOuJvMaM2sgwLmb,505.17142857142846,495.1571428571429,3272.5714285714284,2426641.571428572,27.349096793103453,29.94526520689656,0.3096930779310345,14,17,6,2,25,1,2.5961684137931087,1598.3479881605804,462.7666666666667,480.81682539682646
2020-06-17 14:30:00,4136001,xMbIugepa2P7lBB,500.5466666666666,490.7466666666666,3173.5333333333333,106895349.53333332,27.349096793103453,29.94526520689656,0.3096930779310345,14,17,6,2,25,1,2.5961684137931087,1584.1111426508878,495.1571428571429,482.8901587301598
2020-06-17 14:30:00,4136001,xoJJ8DcxJEcupym,508.46,498.44666666666666,3270.1333333333337,209334695.13333333,27.349096793103453,29.94526520689656,0.3096930779310345,14,17,6,2,25,1,2.5961684137931087,1608.966443006289,490.7466666666666,494.783492063493
2020-06-17 14:30:00,4136001,4UPUqMRk7TRMgml,511.16,501.1133333333333,3371.8666666666663,2652420.8666666658,27.349096793103453,29.94526520689656,0.3096930779310345,14,17,6,2,25,1,2.5961684137931087,1617.5743392332674,498.44666666666666,496.7688888888899
2020-06-17 14:30:00,4136001,LYwnQax7tkwH5Cb,475.0,465.8533333333333,2984.5333333333333,1795114896.5333333,27.349096793103453,29.94526520689656,0.3096930779310345,14,17,6,2,25,1,2.5961684137931087,1503.7564313720418,501.1133333333333,488.47111111111207
2020-06-17 14:30:00,4136001,IQ2d7wF4YD8zU1Q,503.5,493.62,3195.866666666667,20184009.866666667,27.349096793103453,29.94526520689656,0.3096930779310345,14,17,6,2,25,1,2.5961684137931087,1593.3861508354576,465.8533333333333,486.8622222222232
2020-06-17 14:30:00,4135001,wCURE6d3bPkepu2,7791.75,762.6625,4987.0,7027705.0,28.766581200000005,42.79567873333334,0.58660541,14,17,6,2,25,1,14.029097533333337,1299.9070521609815,493.62,574.0452777777788
2020-06-17 14:30:00,4136001,81aHJ1q11NBPMrL,506.00714285714287,496.0571428571428,3259.714285714286,1215484752.7142854,27.349096793103453,29.94526520689656,0.3096930779310345,14,17,6,2,25,1,2.5961684137931087,1601.2531531371856,762.6625,584.1132142857153
2020-06-17 14:30:00,4135001,uHbuxQJl8lW7ozc,8917.5,872.0,5060.375,7286095.375,28.766581200000005,42.79567873333334,0.58660541,14,17,6,2,25,1,14.029097533333337,1486.2654837288785,496.0571428571428,710.2398809523819
2020-06-17 14:45:00,4136001,xoJJ8DcxJEcupym,528.0,517.5733333333335,3396.6,209334821.6,26.842360433333333,28.24684536666668,0.3273643233333334,14,17,6,2,25,1,1.404484933333347,1580.548769602861,872.0,628.5434920634931
2020-06-17 14:45:00,4135001,1BY6WEcLGh8j5v7,6894.142857,675.1571429,4869.571429,6484667.571,29.11126313333333,44.9506284,0.5350119733333333,14,17,6,2,25,1,15.839365266666668,1261.71189684711,517.5733333333335,688.2434920777788
2020-06-17 14:45:00,4136001,4UPUqMRk7TRMgml,541.6333333333336,530.9066666666665,3499.8666666666672,2652548.8666666667,26.842360433333333,28.24684536666668,0.3273643233333334,14,17,6,2,25,1,1.404484933333347,1621.2656733486187,675.1571429,574.5457143000009
2020-06-17 14:45:00,4136001,vOuJvMaM2sgwLmb,530.24,519.6533333333333,3393.4666666666667,2426762.4666666663,26.842360433333333,28.24684536666668,0.3273643233333334,14,17,6,2,25,1,1.404484933333347,1586.9006065871988,530.9066666666665,575.2390476333343
2020-06-17 14:45:00,4136001,rrq4fwE8jgrTyWY,499.63571428571424,489.8428571428572,3066.714285714286,121130491.71428572,26.842360433333333,28.24684536666668,0.3273643233333334,14,17,6,2,25,1,1.404484933333347,1495.8663348624852,519.6533333333333,513.4676190476199
2020-06-17 14:45:00,4136001,q49J1IKaHRwDQnt,520.9357142857143,510.67142857142863,3251.285714285714,519852.2857142857,26.842360433333333,28.24684536666668,0.3273643233333334,14,17,6,2,25,1,1.404484933333347,1559.4719552138954,489.8428571428572,506.7225396825407
2020-06-17 14:45:00,4136001,oZZkBaNadn6DNKz,527.82,517.3933333333333,3461.2,1708286796.2,26.842360433333333,28.24684536666668,0.3273643233333334,14,17,6,2,25,1,1.404484933333347,1579.9990914022928,510.67142857142863,505.96920634920735
2020-06-17 14:45:00,4136001,oZ35aAeoifZaQzV,541.5066666666667,530.7666666666667,3520.6666666666665,1660187946.6666665,26.842360433333333,28.24684536666668,0.3273643233333334,14,17,6,2,25,1,1.404484933333347,1620.8381458592887,517.3933333333333,519.6104761904772
2020-06-17 14:45:00,4136001,mqwcsP2rE7J0TFp,537.1800000000001,526.5533333333333,3305.0666666666666,593814078.0666666,26.842360433333333,28.24684536666668,0.3273643233333334,14,17,6,2,25,1,1.404484933333347,1607.9716042756288,530.7666666666667,524.9044444444454
2020-06-17 14:45:00,4136001,WcxssY2VbP4hApt,535.8333333333333,525.2266666666667,3394.0,181910981.0,26.842360433333333,28.24684536666668,0.3273643233333334,14,17,6,2,25,1,1.404484933333347,1603.920272352926,526.5533333333333,527.5155555555565
2020-06-17 14:45:00,4136001,V94E5Ben1TlhnDV,519.7733333333333,509.5266666666666,3410.133333333334,1412291601.1333332,26.842360433333333,28.24684536666668,0.3273643233333334,14,17,6,2,25,1,1.404484933333347,1555.976118192295,525.2266666666667,520.4355555555566
2020-06-17 14:45:00,4136001,Qf4GUc1pJu5T6c6,534.9733333333332,524.3666666666667,3461.6666666666665,838645739.6666665,26.842360433333333,28.24684536666668,0.3273643233333334,14,17,6,2,25,1,1.404484933333347,1601.2940320613243,509.5266666666666,519.7066666666676
2020-06-17 14:45:00,4136001,PeE6FRyGXUgsRhN,518.0733333333333,507.86,3352.866666666667,1348548308.8666666,26.842360433333333,28.24684536666668,0.3273643233333334,14,17,6,2,25,1,1.404484933333347,1550.886505224075,524.3666666666667,513.9177777777787
2020-06-17 14:45:00,4136001,NgDl19wMapZy17u,536.58,525.9666666666668,3309.866666666667,111745035.86666667,26.842360433333333,28.24684536666668,0.3273643233333334,14,17,6,2,25,1,1.404484933333347,1606.180060510816,507.86,519.3977777777787
2020-06-17 14:45:00,4136001,Mx2yZCDsyf6DPfv,539.6333333333333,528.92,3497.9333333333334,2682407.9333333327,26.842360433333333,28.24684536666668,0.3273643233333334,14,17,6,2,25,1,1.404484933333347,1615.198854690501,525.9666666666668,520.9155555555566
2020-06-17 14:45:00,4136001,LlT2YUhhzqhg5Sw,517.2642857142857,507.0928571428572,3222.714285714286,282788066.71428573,26.842360433333333,28.24684536666668,0.3273643233333334,14,17,6,2,25,1,1.404484933333347,1548.5438290835607,528.92,520.6598412698423
2020-06-17 14:45:00,4136001,LYwnQax7tkwH5Cb,501.2714285714285,491.45714285714286,3102.2142857142862,1795115014.2142856,26.842360433333333,28.24684536666668,0.3273643233333334,14,17,6,2,25,1,1.404484933333347,1500.7959885659895,507.0928571428572,509.15666666666766
2020-06-17 14:45:00,4136001,IQ2d7wF4YD8zU1Q,537.38,526.7266666666666,3321.8,20184135.8,26.842360433333333,28.24684536666668,0.3273643233333334,14,17,6,2,25,1,1.404484933333347,1608.5009240243237,491.45714285714286,508.4255555555565
2020-06-17 14:45:00,4136001,Et9kgGMDl729KT4,479.56,470.29333333333335,3178.0000000000005,1853320.0,26.842360433333333,28.24684536666668,0.3273643233333334,14,17,6,2,25,1,1.404484933333347,1436.1666289204002,526.7266666666666,496.1590476190486
2020-06-17 14:45:00,4136001,Quc1TzYxW2pYoWX,437.1666666666666,429.34,2930.4,329645106.40000004,26.842360433333333,28.24684536666668,0.3273643233333334,14,17,6,2,25,1,1.404484933333347,1311.1046590653025,470.29333333333335,475.4533333333343
2020-06-17 14:45:00,4136001,xMbIugepa2P7lBB,531.9866666666667,521.4733333333331,3298.066666666667,106895474.06666668,26.842360433333333,28.24684536666668,0.3273643233333334,14,17,6,2,25,1,1.404484933333347,1592.4584639484942,429.34,473.7022222222231
2020-06-17 14:45:00,4135001,1IF53ai7Xc0U56Y,7533.428571,737.4857143,5332.142857,6432864.143,29.11126313333333,44.9506284,0.5350119733333333,14,17,6,2,25,1,15.839365266666668,1378.1895211688782,521.4733333333331,562.766349211112
2020-06-17 14:45:00,4135001,3PZuoBAID5Wc2HD,8348.285714,816.6285714,5340.285714,7236713.286,29.11126313333333,44.9506284,0.5350119733333333,14,17,6,2,25,1,15.839365266666668,1526.089140396236,737.4857143,691.8625396777787
2020-06-17 14:45:00,4136001,81aHJ1q11NBPMrL,529.6266666666668,519.1466666666666,3384.333333333333,1215484877.3333333,26.842360433333333,28.24684536666668,0.3273643233333334,14,17,6,2,25,1,1.404484933333347,1585.35336424486,816.6285714,691.0869841222233
2020-06-17 14:45:00,4135001,zVJPv84UY57bAof,8097.142857,791.9142857,5219.571429,7362581.571,29.11126313333333,44.9506284,0.5350119733333333,14,17,6,2,25,1,15.839365266666668,1479.9038802420869,519.1466666666666,709.2298412555565
2020-06-17 14:45:00,4135001,zBIq5rxdHJRwDNY,7724.857143,756.0285714,5138.428571,6582690.429,29.11126313333333,44.9506284,0.5350119733333333,14,17,6,2,25,1,15.839365266666668,1412.841814565515,791.9142857,689.0298412555566
2020-06-17 14:45:00,4135001,z9Y9gH1T5YWrNuG,7443.285714,728.6285714,5138.285714,7250523.286,29.11126313333333,44.9506284,0.5350119733333333,14,17,6,2,25,1,15.839365266666668,1361.637578133803,756.0285714,758.8571428333344
2020-06-17 14:45:00,4135001,wCURE6d3bPkepu2,7715.714286,755.1714286,5196.571429,7027914.571,29.11126313333333,44.9506284,0.5350119733333333,14,17,6,2,25,1,15.839365266666668,1411.2400137411742,728.6285714,746.609523800001
2020-06-17 14:45:00,4135001,uHbuxQJl8lW7ozc,8176.714286,799.8142857,5275.857143,7286310.857,29.11126313333333,44.9506284,0.5350119733333333,14,17,6,2,25,1,15.839365266666668,1494.667145490646,755.1714286,761.204761900001
2020-06-17 14:45:00,4135001,sjndEbLyjtCKgGv,8063.571429,789.0142857,5198.142857,7260992.143,29.11126313333333,44.9506284,0.5350119733333333,14,17,6,2,25,1,15.839365266666668,1474.4844537584383,799.8142857,781.3333333333343
2020-06-17 14:45:00,4135001,rGa61gmuvPhdLxV,8229.0,805.1428571,5255.285714,7356202.286,29.11126313333333,44.9506284,0.5350119733333333,14,17,6,2,25,1,15.839365266666668,1504.6250078924293,789.0142857,797.9904761666676
2020-06-17 14:45:00,4135001,pkci93gMrogZuBj,8193.142857,801.6142857,5261.142857,7414739.143,29.11126313333333,44.9506284,0.5350119733333333,14,17,6,2,25,1,15.839365266666668,1498.0309274460142,805.1428571,798.5904761666676
2020-06-17 14:45:00,4135001,ih0vzX44oOqAx2f,7929.428571,776.0285714,5075.714286,6425446.714,29.11126313333333,44.9506284,0.5350119733333333,14,17,6,2,25,1,15.839365266666668,1450.2171696251587,801.6142857,794.2619047333343
2020-06-17 14:45:00,4136001,9kRcWv60rDACzjR,524.6600000000001,514.2933333333334,3282.1333333333328,2247915380.1333327,26.842360433333333,28.24684536666668,0.3273643233333334,14,17,6,2,25,1,1.404484933333347,1570.5324112814042,776.0285714,697.3120634777788
2020-06-17 14:45:00,4135001,bvBOhCH3iADSZry,7233.142857,708.2,4815.285714,6538364.286,29.11126313333333,44.9506284,0.5350119733333333,14,17,6,2,25,1,15.839365266666668,1323.4613226619886,514.2933333333334,666.1739682444455
2020-06-17 14:45:00,4135001,adLQvlD726eNBSB,7671.857143,750.9857143,5395.142857,6523793.143,29.11126313333333,44.9506284,0.5350119733333333,14,17,6,2,25,1,15.839365266666668,1403.4178858341377,708.2,657.8263492111122
2020-06-17 14:45:00,4135001,ZoEaEvLYb1n2sOq,7401.428571,724.5571429,5185.142857,7341067.143,29.11126313333333,44.9506284,0.5350119733333333,14,17,6,2,25,1,15.839365266666668,1354.0290238444302,750.9857143,727.9142857333344
2020-06-17 14:45:00,4135001,ZnxXDlPa8U1GXgE,7981.857143,781.1571429,5232.857143,6770040.857,29.11126313333333,44.9506284,0.5350119733333333,14,17,6,2,25,1,15.839365266666668,1459.8012786632223,724.5571429,752.2333333666678
2020-06-17 14:45:00,4135001,YxYtjZvoooNbGkE,7361.571429,720.6857143,5200.0,7424756.0,29.11126313333333,44.9506284,0.5350119733333333,14,17,6,2,25,1,15.839365266666668,1346.7942229187772,781.1571429,742.1333333666677
2020-06-17 14:45:00,4135001,WRmjgnKYAwPKWDb,8352.428571,817.2,5252.428571,7272831.429,29.11126313333333,44.9506284,0.5350119733333333,14,17,6,2,25,1,15.839365266666668,1527.1570077370477,720.6857143,773.0142857333343
2020-06-17 14:45:00,4135001,VHMLBKoKgIrUVDU,7864.142857,769.6714286,5304.142857,7455505.143,29.11126313333333,44.9506284,0.5350119733333333,14,17,6,2,25,1,15.839365266666668,1438.337146159416,817.2,769.185714300001
2020-06-17 14:45:00,4135001,McdE0feGgRqW7Ca,8127.285714,794.8857143,5292.0,7407887.0,29.11126313333333,44.9506284,0.5350119733333333,14,17,6,2,25,1,15.839365266666668,1485.456790190056,769.6714286,793.9190476333343
2020-06-17 14:45:00,4135001,iCRJl6heRkivqQ3,8250.428571,806.8571429,5258.857143,7425564.857,29.11126313333333,44.9506284,0.5350119733333333,14,17,6,2,25,1,15.839365266666668,1507.8286099148645,794.8857143,790.4714286000011
2020-06-17 14:45:00,4135001,7JYdWkrLSPkdwr4,7609.142857,744.8428571,5171.428571,7846136.429,29.11126313333333,44.9506284,0.5350119733333333,14,17,6,2,25,1,15.839365266666668,1391.938312387603,806.8571429,782.195238100001
2020-06-17 15:00:00,4135001,pkci93gMrogZuBj,4602.125,451.3875,5413.125,7414891.125,28.617018666666667,39.946699866666656,0.3174531373333333,15,17,6,2,25,1,11.329681199999987,1421.4550162865553,744.8428571,667.6958333333342
2020-06-17 15:00:00,4135001,rGa61gmuvPhdLxV,4591.625,450.3125,5405.25,7356352.25,28.617018666666667,39.946699866666656,0.3174531373333333,15,17,6,2,25,1,11.329681199999987,1418.0697560777369,451.3875,548.8476190333344
2020-06-17 15:00:00,4135001,sjndEbLyjtCKgGv,4638.875,454.9625,5346.25,7261140.25,28.617018666666667,39.946699866666656,0.3174531373333333,15,17,6,2,25,1,11.329681199999987,1432.7129746554167,450.3125,452.2208333333343
2020-06-17 15:00:00,4135001,zBIq5rxdHJRwDNY,4675.375,458.6125,5284.75,6582836.75,28.617018666666667,39.946699866666656,0.3174531373333333,15,17,6,2,25,1,11.329681199999987,1444.2071139690795,454.9625,454.6291666666677
2020-06-17 15:00:00,4135001,wCURE6d3bPkepu2,5077.75,497.8,5343.75,7028061.75,28.617018666666667,39.946699866666656,0.3174531373333333,15,17,6,2,25,1,11.329681199999987,1567.6116576277527,458.6125,470.4583333333344
2020-06-17 15:00:00,4135001,z9Y9gH1T5YWrNuG,5113.0,501.2875,5282.875,7250667.875,28.617018666666667,39.946699866666656,0.3174531373333333,15,17,6,2,25,1,11.329681199999987,1578.5940715610127,497.8,485.900000000001
2020-06-17 15:00:00,4136001,9kRcWv60rDACzjR,568.9733333333332,557.5933333333334,3420.8,2247915518.8,27.22757479310345,29.34751727586207,0.3634486806896551,15,17,6,2,25,1,2.1199424827586206,1533.7514972563615,501.2875,518.8936111111121
2020-06-17 15:00:00,4135001,zVJPv84UY57bAof,4853.75,475.9625,5368.75,7362730.75,28.617018666666667,39.946699866666656,0.3174531373333333,15,17,6,2,25,1,11.329681199999987,1498.8436391997775,557.5933333333334,511.6144444444455
2020-06-17 15:00:00,4135001,uHbuxQJl8lW7ozc,4719.625,462.8875,5423.5,7286458.5,28.617018666666667,39.946699866666656,0.3174531373333333,15,17,6,2,25,1,11.329681199999987,1457.6694278227528,475.9625,498.8144444444454
2020-06-17 15:00:00,4135001,ih0vzX44oOqAx2f,4934.75,483.9125,5222.125,6425593.125,28.617018666666667,39.946699866666656,0.3174531373333333,15,17,6,2,25,1,11.329681199999987,1523.8788193487142,462.8875,474.2541666666677
2020-06-17 15:00:00,4135001,ZnxXDlPa8U1GXgE,4951.375,485.45,5382.0,6770190.0,28.617018666666667,39.946699866666656,0.3174531373333333,15,17,6,2,25,1,11.329681199999987,1528.7205287171405,483.9125,477.4166666666677
2020-06-17 15:00:00,4135001,bvBOhCH3iADSZry,4517.375,443.275,4953.875,6538502.875,28.617018666666667,39.946699866666656,0.3174531373333333,15,17,6,2,25,1,11.329681199999987,1395.9081107572158,485.45,470.8791666666677
2020-06-17 15:00:00,4135001,adLQvlD726eNBSB,4774.714286,468.5,5539.285714,6523937.286,28.617018666666667,39.946699866666656,0.3174531373333333,15,17,6,2,25,1,11.329681199999987,1475.3436351920493,443.275,465.7416666666677
2020-06-17 15:00:00,4135001,ZoEaEvLYb1n2sOq,4679.571429,459.1571429,5328.571429,7341210.571,28.617018666666667,39.946699866666656,0.3174531373333333,15,17,6,2,25,1,11.329681199999987,1445.9222376317637,468.5,456.9773809666677
2020-06-17 15:00:00,4135001,YxYtjZvoooNbGkE,4736.0,464.6285714,5339.285714,7424895.286,28.617018666666667,39.946699866666656,0.3174531373333333,15,17,6,2,25,1,11.329681199999987,1463.1521996656663,459.1571429,464.095238100001
2020-06-17 15:00:00,4135001,WRmjgnKYAwPKWDb,4531.375,444.6,5403.125,7272982.125,28.617018666666667,39.946699866666656,0.3174531373333333,15,17,6,2,25,1,11.329681199999987,1400.0806407820387,464.6285714,456.1285714333344
2020-06-17 15:00:00,4135001,VHMLBKoKgIrUVDU,4722.428571,463.3714286,5446.857143,7455647.857,28.617018666666667,39.946699866666656,0.3174531373333333,15,17,6,2,25,1,11.329681199999987,1459.1933573422775,444.6,457.5333333333344
2020-06-17 15:00:00,4135001,McdE0feGgRqW7Ca,4906.875,481.15,5442.25,7408037.25,28.617018666666667,39.946699866666656,0.3174531373333333,15,17,6,2,25,1,11.329681199999987,1515.1794878818666,463.3714286,463.040476200001
2020-06-17 15:00:00,4135001,7JYdWkrLSPkdwr4,4600.285714,451.4714286,5309.857143,7846274.857,28.617018666666667,39.946699866666656,0.3174531373333333,15,17,6,2,25,1,11.329681199999987,1421.7193141004734,481.15,465.330952400001
2020-06-17 15:00:00,4135001,1IF53ai7Xc0U56Y,4739.428571,465.0571429,5473.285714,6433005.286,28.617018666666667,39.946699866666656,0.3174531373333333,15,17,6,2,25,1,11.329681199999987,1464.501805289465,451.4714286,465.8928571666677
2020-06-17 15:00:00,4135001,1BY6WEcLGh8j5v7,4601.75,451.4625,5009.5,6484807.5,28.617018666666667,39.946699866666656,0.3174531373333333,15,17,6,2,25,1,11.329681199999987,1421.6911972313565,465.0571429,455.9970238333344
2020-06-17 15:00:00,4135001,iCRJl6heRkivqQ3,5036.875,493.8125,5410.25,7425716.25,28.617018666666667,39.946699866666656,0.3174531373333333,15,17,6,2,25,1,11.329681199999987,1555.0547040624842,451.4625,470.110714300001
2020-06-17 15:00:00,4135001,3PZuoBAID5Wc2HD,4545.375,445.9125,5493.75,7236866.75,28.617018666666667,39.946699866666656,0.3174531373333333,15,17,6,2,25,1,11.329681199999987,1404.213807316061,493.8125,463.7291666666677
2020-06-17 15:00:00,4136001,81aHJ1q11NBPMrL,578.5466666666667,566.9399999999998,3520.866666666667,1215485013.8666668,27.22757479310345,29.34751727586207,0.3634486806896551,15,17,6,2,25,1,2.1199424827586206,1559.461029880537,445.9125,502.22166666666766
2020-06-17 15:00:00,4136001,V94E5Ben1TlhnDV,572.3533333333332,560.9266666666667,3547.7333333333336,1412291738.733333,27.22757479310345,29.34751727586207,0.3634486806896551,15,17,6,2,25,1,2.1199424827586206,1542.9203747970805,566.9399999999998,524.5930555555566
2020-06-17 15:00:00,4136001,LYwnQax7tkwH5Cb,537.6133333333336,526.9666666666666,3226.4666666666667,1795115138.4666667,27.22757479310345,29.34751727586207,0.3634486806896551,15,17,6,2,25,1,2.1199424827586206,1449.5078504122368,560.9266666666667,551.6111111111121
2020-06-17 15:00:00,4136001,LlT2YUhhzqhg5Sw,558.8733333333333,547.7399999999999,3351.0000000000005,282788195.0,27.22757479310345,29.34751727586207,0.3634486806896551,15,17,6,2,25,1,2.1199424827586206,1506.6482952459965,526.9666666666666,545.2111111111121
2020-06-17 15:00:00,4136001,Mx2yZCDsyf6DPfv,587.3000000000001,575.5133333333333,3637.400000000001,2682547.4,27.22757479310345,29.34751727586207,0.3634486806896551,15,17,6,2,25,1,2.1199424827586206,1583.0433829152655,547.7399999999999,550.0733333333343
2020-06-17 15:00:00,4136001,NgDl19wMapZy17u,570.3857142857141,558.9857142857142,3446.8571428571427,111745172.85714284,27.22757479310345,29.34751727586207,0.3634486806896551,15,17,6,2,25,1,2.1199424827586206,1537.5814683890842,575.5133333333333,560.7463492063501
2020-06-17 15:00:00,4136001,PeE6FRyGXUgsRhN,568.0133333333333,556.68,3488.866666666667,1348548444.8666668,27.22757479310345,29.34751727586207,0.3634486806896551,15,17,6,2,25,1,2.1199424827586206,1531.2392248102044,558.9857142857142,563.7263492063502
2020-06-17 15:00:00,4136001,4UPUqMRk7TRMgml,588.2000000000002,576.3866666666665,3640.7333333333327,2652689.7333333334,27.22757479310345,29.34751727586207,0.3634486806896551,15,17,6,2,25,1,2.1199424827586206,1585.445628830934,556.68,564.0174603174613
2020-06-17 15:00:00,4136001,Qf4GUc1pJu5T6c6,578.7533333333334,567.1866666666668,3599.6000000000004,838645877.5999999,27.22757479310345,29.34751727586207,0.3634486806896551,15,17,6,2,25,1,2.1199424827586206,1560.1395268185506,576.3866666666665,566.7511111111122
2020-06-17 15:00:00,4136001,Quc1TzYxW2pYoWX,479.6,470.2533333333333,3044.066666666667,329645220.06666666,27.22757479310345,29.34751727586207,0.3634486806896551,15,17,6,2,25,1,2.1199424827586206,1293.508567934447,567.1866666666668,537.9422222222232
2020-06-17 15:00:00,4136001,IQ2d7wF4YD8zU1Q,571.8857142857144,560.45,3458.714285714286,20184272.71428572,27.22757479310345,29.34751727586207,0.3634486806896551,15,17,6,2,25,1,2.1199424827586206,1541.6092253087577,470.2533333333333,532.6300000000011
2020-06-17 15:00:00,4136001,Et9kgGMDl729KT4,524.7533333333333,514.3933333333333,3304.8666666666663,1853446.8666666665,27.22757479310345,29.34751727586207,0.3634486806896551,15,17,6,2,25,1,2.1199424827586206,1414.9228443286456,560.45,515.0322222222234
2020-06-17 15:00:00,4136001,mqwcsP2rE7J0TFp,567.3214285714286,555.9785714285713,3441.714285714286,593814214.7142857,27.22757479310345,29.34751727586207,0.3634486806896551,15,17,6,2,25,1,2.1199424827586206,1529.309831007707,514.3933333333333,543.6073015873026
2020-06-17 15:00:00,4136001,oZ35aAeoifZaQzV,590.2466666666667,578.3866666666668,3660.933333333333,1660188086.9333334,27.22757479310345,29.34751727586207,0.3634486806896551,15,17,6,2,25,1,2.1199424827586206,1590.9469553553656,555.9785714285713,549.5861904761915
2020-06-17 15:00:00,4136001,oZZkBaNadn6DNKz,578.5733333333333,566.98,3599.7333333333336,1708286934.733333,27.22757479310345,29.34751727586207,0.3634486806896551,15,17,6,2,25,1,2.1199424827586206,1559.5710564110257,578.3866666666668,567.1150793650804
2020-06-17 15:00:00,4136001,q49J1IKaHRwDQnt,562.3399999999999,551.1266666666667,3380.8666666666663,519981.8666666667,27.22757479310345,29.34751727586207,0.3634486806896551,15,17,6,2,25,1,2.1199424827586206,1515.963874827367,566.98,565.4977777777789
2020-06-17 15:00:00,4136001,rrq4fwE8jgrTyWY,534.2733333333333,523.7133333333333,3190.4,121130615.4,27.22757479310345,29.34751727586207,0.3634486806896551,15,17,6,2,25,1,2.1199424827586206,1440.5590259324952,551.1266666666667,547.2733333333343
2020-06-17 15:00:00,4136001,vOuJvMaM2sgwLmb,578.8533333333332,567.1466666666668,3534.0666666666666,2426903.066666667,27.22757479310345,29.34751727586207,0.3634486806896551,15,17,6,2,25,1,2.1199424827586206,1560.029500288062,523.7133333333333,547.32888888889
2020-06-17 15:00:00,4136001,xMbIugepa2P7lBB,568.8571428571429,557.4857142857144,3433.5000000000005,106895609.5,27.22757479310345,29.34751727586207,0.3634486806896551,15,17,6,2,25,1,2.1199424827586206,1533.4554734957617,567.1466666666668,549.4485714285726
2020-06-17 15:00:00,4136001,xoJJ8DcxJEcupym,578.4866666666667,566.9,3534.666666666667,209334959.66666663,27.22757479310345,29.34751727586207,0.3634486806896551,15,17,6,2,25,1,2.1199424827586206,1559.3510033500484,557.4857142857144,563.8441269841281
2020-06-17 15:00:00,4136001,WcxssY2VbP4hApt,582.3533333333332,570.68,3536.3333333333326,181911123.33333328,27.22757479310345,29.34751727586207,0.3634486806896551,15,17,6,2,25,1,2.1199424827586206,1569.748510481223,566.9,565.0219047619058
2020-06-17 15:15:00,4136001,9kRcWv60rDACzjR,576.0,564.5400000000001,3566.7333333333336,2247915664.7333326,27.930431033333328,33.72836829999999,0.3843007586666666,15,17,6,2,25,1,5.797937266666665,1468.6235322691998,570.68,567.3733333333344
2020-06-17 15:15:00,4136001,4UPUqMRk7TRMgml,624.2357142857143,611.5785714285713,3788.714285714286,2652837.7142857146,27.930431033333328,33.72836829999999,0.3843007586666666,15,17,6,2,25,1,5.797937266666665,1590.9921030070136,144.1,303.4970238095248
2020-06-17 15:15:00,4136001,81aHJ1q11NBPMrL,593.54,581.6466666666668,3673.533333333333,1215485166.5333333,27.930431033333328,33.72836829999999,0.3843007586666666,15,17,6,2,25,1,5.797937266666665,1513.125699033914,611.5785714285713,445.7750793650805
2020-06-17 15:15:00,4136001,Et9kgGMDl729KT4,580.4999999999999,568.8571428571429,3436.928571428572,1853578.9285714289,27.930431033333328,33.72836829999999,0.3843007586666666,15,17,6,2,25,1,5.797937266666665,1479.8543708141528,147.5,432.6679365079376
2020-06-17 15:15:00,4136001,xoJJ8DcxJEcupym,597.5533333333333,585.5733333333333,3685.6,209335110.6,27.930431033333328,33.72836829999999,0.3843007586666666,15,17,6,2,25,1,5.797937266666665,1523.3407326365702,154.5285714,298.7149206111122
2020-06-17 15:15:00,4136001,xMbIugepa2P7lBB,576.4733333333332,564.9466666666666,3572.5333333333333,106895748.53333332,27.930431033333328,33.72836829999999,0.3843007586666666,15,17,6,2,25,1,5.797937266666665,1469.681455953006,585.5733333333333,435.0161904666677
2020-06-17 15:15:00,4136001,vOuJvMaM2sgwLmb,597.1333333333333,584.9933333333332,3682.8,2427051.8,27.930431033333328,33.72836829999999,0.3843007586666666,15,17,6,2,25,1,5.797937266666665,1521.8318906613051,564.9466666666666,578.5044444444455
2020-06-17 15:15:00,4136001,rrq4fwE8jgrTyWY,524.7800000000001,514.52,3329.2,121130754.2,27.930431033333328,33.72836829999999,0.3843007586666666,15,17,6,2,25,1,5.797937266666665,1338.4989191609957,584.9933333333332,554.8200000000011
2020-06-17 15:15:00,4136001,oZZkBaNadn6DNKz,612.3666666666666,600.0000000000001,3750.8000000000006,1708287085.8,27.930431033333328,33.72836829999999,0.3843007586666666,15,17,6,2,25,1,5.797937266666665,1560.8710088948878,514.52,566.5044444444455
2020-06-17 15:15:00,4136001,oZ35aAeoifZaQzV,631.5500000000001,618.7214285714284,3811.071428571429,1660188237.0714283,27.930431033333328,33.72836829999999,0.3843007586666666,15,17,6,2,25,1,5.797937266666665,1609.5739007319526,600.0000000000001,577.7471428571439
2020-06-17 15:15:00,4136001,mqwcsP2rE7J0TFp,571.8533333333335,560.44,3579.266666666667,593814352.2666668,27.930431033333328,33.72836829999999,0.3843007586666666,15,17,6,2,25,1,5.797937266666665,1457.9575803750847,618.7214285714284,593.0538095238106
2020-06-17 15:15:00,4136001,q49J1IKaHRwDQnt,565.7533333333332,554.5200000000001,3527.7333333333336,520128.7333333334,27.930431033333328,33.72836829999999,0.3843007586666666,15,17,6,2,25,1,5.797937266666665,1442.5569864206552,560.44,577.8938095238105
2020-06-17 15:15:00,4136001,V94E5Ben1TlhnDV,604.9466666666666,592.8133333333334,3697.933333333333,1412291888.9333332,27.930431033333328,33.72836829999999,0.3843007586666666,15,17,6,2,25,1,5.797937266666665,1542.1752428105688,554.5200000000001,569.2577777777789
2020-06-17 15:15:00,4136001,IQ2d7wF4YD8zU1Q,583.2,571.5266666666668,3597.9333333333334,20184411.93333333,27.930431033333328,33.72836829999999,0.3843007586666666,15,17,6,2,25,1,5.797937266666665,1486.7990080172203,592.8133333333334,572.9533333333344
2020-06-17 15:15:00,4136001,WcxssY2VbP4hApt,593.1133333333332,581.2466666666668,3685.1333333333328,181911272.13333333,27.930431033333328,33.72836829999999,0.3843007586666666,15,17,6,2,25,1,5.797937266666665,1512.0851183613177,571.5266666666668,581.8622222222234
2020-06-17 15:15:00,4136001,LlT2YUhhzqhg5Sw,564.0199999999999,552.8600000000001,3498.4666666666662,282788342.4666667,27.930431033333328,33.72836829999999,0.3843007586666666,15,17,6,2,25,1,5.797937266666665,1438.2385766293794,581.2466666666668,568.5444444444456
2020-06-17 15:15:00,4136001,Mx2yZCDsyf6DPfv,627.1928571428572,614.4714285714288,3786.857142857143,2682696.8571428573,27.930431033333328,33.72836829999999,0.3843007586666666,15,17,6,2,25,1,5.797937266666665,1598.5177310856147,552.8600000000001,582.8593650793663
2020-06-17 15:15:00,4136001,LYwnQax7tkwH5Cb,533.8066666666666,523.3333333333333,3365.1333333333337,1795115277.1333334,27.930431033333328,33.72836829999999,0.3843007586666666,15,17,6,2,25,1,5.797937266666665,1361.4263799805406,614.4714285714288,563.5549206349218
2020-06-17 15:15:00,4136001,PeE6FRyGXUgsRhN,587.3866666666668,575.6533333333335,3635.6666666666665,1348548591.6666665,27.930431033333328,33.72836829999999,0.3843007586666666,15,17,6,2,25,1,5.797937266666665,1497.5343319561755,523.3333333333333,571.1526984126996
2020-06-17 15:15:00,4136001,Qf4GUc1pJu5T6c6,604.7,592.5071428571429,3745.642857142858,838646023.6428573,27.930431033333328,33.72836829999999,0.3843007586666666,15,17,6,2,25,1,5.797937266666665,1541.3787030814262,575.6533333333335,563.8312698412709
2020-06-17 15:15:00,4136001,Quc1TzYxW2pYoWX,538.3142857142859,527.6714285714285,3167.0000000000005,329645342.99999994,27.930431033333328,33.72836829999999,0.3843007586666666,15,17,6,2,25,1,5.797937266666665,1372.7117251321536,592.5071428571429,565.2773015873028
2020-06-17 15:15:00,4136001,NgDl19wMapZy17u,579.6000000000001,567.9933333333332,3585.333333333333,111745311.33333334,27.930431033333328,33.72836829999999,0.3843007586666666,15,17,6,2,25,1,5.797937266666665,1477.60721207595,527.6714285714285,562.7239682539692
2020-06-17 15:30:00,4136001,Quc1TzYxW2pYoWX,324.7,318.9866666666666,3270.8666666666663,329645446.8666667,27.7001744137931,32.386005275862075,0.2370183289655172,15,17,6,2,25,1,4.685830862068976,1345.263641399291,86.35,167.10269841222325
2020-06-17 15:30:00,4136001,IQ2d7wF4YD8zU1Q,376.9866666666666,370.5,3716.6,20184530.6,27.7001744137931,32.386005275862075,0.2370183289655172,15,17,6,2,25,1,4.685830862068976,1562.511011343538,318.9866666666666,258.61222222222324
2020-06-17 15:30:00,4136001,4UPUqMRk7TRMgml,391.47333333333336,384.66,3909.8666666666654,2652958.8666666667,27.7001744137931,32.386005275862075,0.2370183289655172,15,17,6,2,25,1,4.685830862068976,1622.2280313722142,370.5,358.0488888888899
2020-06-17 15:30:00,4136001,81aHJ1q11NBPMrL,366.52857142857135,360.24285714285713,3785.7857142857138,1215485278.7857146,27.7001744137931,32.386005275862075,0.2370183289655172,15,17,6,2,25,1,4.685830862068976,1519.2535250838637,384.66,371.8009523809535
2020-06-17 15:30:00,4136001,9kRcWv60rDACzjR,362.04285714285714,355.8428571428572,3678.357142857143,2247915776.357143,27.7001744137931,32.386005275862075,0.2370183289655172,15,17,6,2,25,1,4.685830862068976,1500.697388916761,360.24285714285713,366.9152380952392
2020-06-17 15:30:00,4136001,xoJJ8DcxJEcupym,364.25714285714287,358.0357142857142,3799.928571428572,209335224.92857143,27.7001744137931,32.386005275862075,0.2370183289655172,15,17,6,2,25,1,4.685830862068976,1509.945333402638,355.8428571428572,358.04047619047725
2020-06-17 15:30:00,4136001,xMbIugepa2P7lBB,369.7266666666666,363.36666666666656,3689.1333333333328,106895865.13333333,27.7001744137931,32.386005275862075,0.2370183289655172,15,17,6,2,25,1,4.685830862068976,1532.427578466568,358.0357142857142,359.0817460317471
2020-06-17 15:30:00,4136001,vOuJvMaM2sgwLmb,370.8857142857143,364.4357142857143,3799.7142857142862,2427168.714285714,27.7001744137931,32.386005275862075,0.2370183289655172,15,17,6,2,25,1,4.685830862068976,1536.936076918424,363.36666666666656,361.9460317460328
2020-06-17 15:30:00,4136001,rrq4fwE8jgrTyWY,344.51333333333326,338.67333333333335,3433.6000000000004,121130858.6,27.7001744137931,32.386005275862075,0.2370183289655172,15,17,6,2,25,1,4.685830862068976,1428.2882930681617,364.4357142857143,355.4919047619058
2020-06-17 15:30:00,4136001,q49J1IKaHRwDQnt,360.72,354.5533333333333,3638.6666666666665,520239.6666666666,27.7001744137931,32.386005275862075,0.2370183289655172,15,17,6,2,25,1,4.685830862068976,1495.259075416705,338.67333333333335,352.55412698412806
2020-06-17 15:30:00,4136001,oZZkBaNadn6DNKz,375.6071428571428,369.1428571428572,3869.642857142857,1708287204.6428573,27.7001744137931,32.386005275862075,0.2370183289655172,15,17,6,2,25,1,4.685830862068976,1556.7875277855037,354.5533333333333,354.12317460317564
2020-06-17 15:30:00,4136001,Et9kgGMDl729KT4,349.99333333333334,344.06,3548.933333333333,1853690.9333333336,27.7001744137931,32.386005275862075,0.2370183289655172,15,17,6,2,25,1,4.685830862068976,1451.005502193948,369.1428571428572,355.91873015873125
2020-06-17 15:30:00,4136001,oZ35aAeoifZaQzV,389.8866666666667,383.12,3932.0,1660188358.0,27.7001744137931,32.386005275862075,0.2370183289655172,15,17,6,2,25,1,4.685830862068976,1615.7333837137282,344.06,365.44095238095343
2020-06-17 15:30:00,4136001,WcxssY2VbP4hApt,373.9,367.44999999999993,3801.500000000001,181911388.5,27.7001744137931,32.386005275862075,0.2370183289655172,15,17,6,2,25,1,4.685830862068976,1549.648235136796,383.12,364.87666666666775
2020-06-17 15:30:00,4136001,V94E5Ben1TlhnDV,366.8214285714286,360.53571428571433,3814.142857142857,1412292005.1428573,27.7001744137931,32.386005275862075,0.2370183289655172,15,17,6,2,25,1,4.685830862068976,1520.4885925884923,367.44999999999993,370.3685714285725
2020-06-17 15:30:00,4136001,Qf4GUc1pJu5T6c6,390.25333333333344,383.46,3865.0666666666666,838646143.0666667,27.7001744137931,32.386005275862075,0.2370183289655172,15,17,6,2,25,1,4.685830862068976,1617.1672669630043,83.25,275.74857142857246
2020-06-17 15:30:00,4136001,PeE6FRyGXUgsRhN,364.45714285714286,358.21428571428567,3750.142857142857,1348548706.1428573,27.7001744137931,32.386005275862075,0.2370183289655172,15,17,6,2,25,1,4.685830862068976,1510.6984233444848,383.46,274.97476190476294
2020-06-17 15:30:00,4136001,NgDl19wMapZy17u,376.92,370.4066666666666,3703.5333333333338,111745429.53333332,27.7001744137931,32.386005275862075,0.2370183289655172,15,17,6,2,25,1,4.685830862068976,1562.1173963339324,358.21428571428567,370.6936507936518
2020-06-17 15:30:00,4136001,Mx2yZCDsyf6DPfv,388.71333333333337,381.9733333333334,3907.2666666666655,2682817.2666666666,27.7001744137931,32.386005275862075,0.2370183289655172,15,17,6,2,25,1,4.685830862068976,1610.8975421671505,370.4066666666666,370.1980952380963
2020-06-17 15:30:00,4136001,LlT2YUhhzqhg5Sw,354.5866666666667,348.56,3607.533333333333,282788451.53333336,27.7001744137931,32.386005275862075,0.2370183289655172,15,17,6,2,25,1,4.685830862068976,1469.9833687284847,381.9733333333334,366.9800000000011
2020-06-17 15:30:00,4136001,LYwnQax7tkwH5Cb,343.1933333333334,337.40666666666664,3471.2666666666664,1795115383.266667,27.7001744137931,32.386005275862075,0.2370183289655172,15,17,6,2,25,1,4.685830862068976,1422.9463750806622,348.56,355.9800000000011
2020-06-17 15:30:00,4136001,mqwcsP2rE7J0TFp,381.3533333333333,374.7533333333333,3698.3333333333335,593814471.3333334,27.7001744137931,32.386005275862075,0.2370183289655172,15,17,6,2,25,1,4.685830862068976,1580.4486096384037,337.40666666666664,353.5733333333344
2020-06-17 15:45:00,4136001,Et9kgGMDl729KT4,305.8066666666667,300.32666666666665,3630.3333333333335,1853772.3333333333,27.581203200000004,31.601485266666675,0.21363942,15,17,6,2,25,1,4.02028206666667,1405.1065857045307,126.5285714,189.4725793555566
2020-06-17 15:45:00,4136001,IQ2d7wF4YD8zU1Q,336.42,330.76,3803.6,20184617.6,27.581203200000004,31.601485266666675,0.21363942,15,17,6,2,25,1,4.02028206666667,1547.4918009976825,300.32666666666665,252.53841268888996
2020-06-17 15:45:00,4136001,LYwnQax7tkwH5Cb,312.89333333333326,307.62,3551.6,1795115463.6,27.581203200000004,31.601485266666675,0.21363942,15,17,6,2,25,1,4.02028206666667,1439.2291323706222,330.76,312.90222222222326
2020-06-17 15:45:00,4136001,LlT2YUhhzqhg5Sw,324.29999999999995,318.88000000000005,3691.2666666666655,282788535.26666665,27.581203200000004,31.601485266666675,0.21363942,15,17,6,2,25,1,4.02028206666667,1491.910102497705,307.62,319.0866666666677
2020-06-17 15:45:00,4136001,Mx2yZCDsyf6DPfv,342.00000000000006,336.22666666666663,3997.933333333333,2682907.9333333336,27.581203200000004,31.601485266666675,0.21363942,15,17,6,2,25,1,4.02028206666667,1573.068115683418,318.88000000000005,320.90888888889
2020-06-17 15:45:00,4136001,NgDl19wMapZy17u,336.1666666666667,330.4933333333333,3790.399999999999,111745516.4,27.581203200000004,31.601485266666675,0.21363942,15,17,6,2,25,1,4.02028206666667,1546.2441758910606,336.22666666666663,328.5333333333344
2020-06-17 15:45:00,4136001,PeE6FRyGXUgsRhN,327.08,321.61999999999995,3831.7333333333336,1348548787.7333336,27.581203200000004,31.601485266666675,0.21363942,15,17,6,2,25,1,4.02028206666667,1504.7294504682382,330.4933333333333,329.4466666666677
2020-06-17 15:45:00,4136001,Qf4GUc1pJu5T6c6,341.16,335.4,3955.933333333333,838646233.9333334,27.581203200000004,31.601485266666675,0.21363942,15,17,6,2,25,1,4.02028206666667,1569.2004778528922,321.61999999999995,329.1711111111121
2020-06-17 15:45:00,4136001,81aHJ1q11NBPMrL,332.5666666666666,327.0,3869.466666666666,1215485362.4666665,27.581203200000004,31.601485266666675,0.21363942,15,17,6,2,25,1,4.02028206666667,1529.9002869943224,335.4,328.00666666666774
2020-06-17 15:45:00,4136001,Quc1TzYxW2pYoWX,281.22,275.8533333333333,3343.8,329645519.79999995,27.581203200000004,31.601485266666675,0.21363942,15,17,6,2,25,1,4.02028206666667,1290.605791544364,327.0,312.7511111111121
2020-06-17 15:45:00,4136001,WcxssY2VbP4hApt,337.3,331.62666666666667,3885.066666666667,181911472.06666663,27.581203200000004,31.601485266666675,0.21363942,15,17,6,2,25,1,4.02028206666667,1551.5465825942013,275.8533333333333,311.4933333333344
2020-06-17 15:45:00,4136001,mqwcsP2rE7J0TFp,338.05999999999995,332.3933333333334,3785.533333333333,593814558.5333333,27.581203200000004,31.601485266666675,0.21363942,15,17,6,2,25,1,4.02028206666667,1555.1335047757375,331.62666666666667,313.2911111111122
2020-06-17 15:45:00,4136001,oZ35aAeoifZaQzV,343.72,337.9,4023.000000000001,1660188449.0000002,27.581203200000004,31.601485266666675,0.21363942,15,17,6,2,25,1,4.02028206666667,1580.8969632274664,332.3933333333334,333.9733333333344
2020-06-17 15:45:00,4136001,oZZkBaNadn6DNKz,336.96666666666664,331.28666666666663,3953.8,1708287288.8,27.581203200000004,31.601485266666675,0.21363942,15,17,6,2,25,1,4.02028206666667,1549.955860583259,337.9,333.86000000000104
2020-06-17 15:45:00,4136001,q49J1IKaHRwDQnt,327.3866666666667,321.88666666666666,3723.933333333333,520324.93333333335,27.581203200000004,31.601485266666675,0.21363942,15,17,6,2,25,1,4.02028206666667,1505.9770755748598,331.28666666666663,330.35777777777884
2020-06-17 15:45:00,4136001,rrq4fwE8jgrTyWY,312.1866666666666,306.94,3514.7333333333327,121130939.73333332,27.581203200000004,31.601485266666675,0.21363942,15,17,6,2,25,1,4.02028206666667,1436.047688348738,321.88666666666666,320.0377777777788
2020-06-17 15:45:00,4136001,vOuJvMaM2sgwLmb,334.2933333333334,328.6,3882.3333333333335,2427251.333333334,27.581203200000004,31.601485266666675,0.21363942,15,17,6,2,25,1,4.02028206666667,1537.38603763405,306.94,319.1422222222233
2020-06-17 15:45:00,4136001,xMbIugepa2P7lBB,332.24666666666667,326.6866666666667,3775.2666666666655,106895951.26666668,27.581203200000004,31.601485266666675,0.21363942,15,17,6,2,25,1,4.02028206666667,1528.4343274940427,328.6,320.7422222222233
2020-06-17 15:45:00,4136001,xoJJ8DcxJEcupym,331.21333333333325,325.64666666666665,3882.1333333333328,209335307.13333336,27.581203200000004,31.601485266666675,0.21363942,15,17,6,2,25,1,4.02028206666667,1523.5685895782194,326.6866666666667,326.97777777777884
2020-06-17 15:45:00,4136001,V94E5Ben1TlhnDV,330.8466666666667,325.3,3896.666666666667,1412292087.6666667,27.581203200000004,31.601485266666675,0.21363942,15,17,6,2,25,1,4.02028206666667,1521.946676939612,325.64666666666665,325.8777777777789
2020-06-17 15:45:00,4136001,4UPUqMRk7TRMgml,343.52666666666664,337.73999999999995,4001.2,2653050.2,27.581203200000004,31.601485266666675,0.21363942,15,17,6,2,25,1,4.02028206666667,1580.1483881634936,325.3,329.5622222222233
2020-06-17 15:45:00,4136001,9kRcWv60rDACzjR,329.1066666666666,323.5866666666667,3759.6666666666665,2247915857.6666665,27.581203200000004,31.601485266666675,0.21363942,15,17,6,2,25,1,4.02028206666667,1513.9306856295705,337.73999999999995,328.87555555555656
2020-06-17 16:15:00,4135001,1BY6WEcLGh8j5v7,3536.714286,347.2857143,5272.571429,6485070.571,24.1127868,28.996931866666667,0.235077558,16,17,6,2,25,0,4.884145066666669,1476.6958091298832,298.96000000000004,312.70857143333444
2020-06-17 16:15:00,4135001,YxYtjZvoooNbGkE,3574.75,351.0125,5620.375,7425176.375,24.1127868,28.996931866666667,0.235077558,16,17,6,2,25,0,4.884145066666669,1492.5424984640754,347.2857143,332.4194047666677
2020-06-17 16:15:00,4135001,3PZuoBAID5Wc2HD,4029.571429,395.3571429,5783.142857,7237156.143,24.1127868,28.996931866666667,0.235077558,16,17,6,2,25,0,4.884145066666669,1681.1006384376185,351.0125,364.5517857333344
2020-06-17 16:15:00,4135001,1IF53ai7Xc0U56Y,3976.875,390.325,5758.25,6433290.25,24.1127868,28.996931866666667,0.235077558,16,17,6,2,25,0,4.884145066666669,1659.70343139629,395.3571429,378.898214300001
2020-06-17 16:15:00,4135001,zVJPv84UY57bAof,3439.142857,337.7857143,5647.428571,7363009.429,24.1127868,28.996931866666667,0.235077558,16,17,6,2,25,0,4.884145066666669,1436.3007983100158,390.325,374.4892857333343
2020-06-17 16:15:00,4135001,zBIq5rxdHJRwDNY,3503.571429,344.0857143,5558.142857,6583110.143,24.1127868,28.996931866666667,0.235077558,16,17,6,2,25,0,4.884145066666669,1463.089068643191,337.7857143,357.3988095333344
2020-06-17 16:15:00,4135001,z9Y9gH1T5YWrNuG,3422.75,336.15,5549.25,7250934.25,24.1127868,28.996931866666667,0.235077558,16,17,6,2,25,0,4.884145066666669,1429.3455670629933,344.0857143,339.3404762000011
2020-06-17 16:15:00,4135001,wCURE6d3bPkepu2,3493.25,343.175,5612.875,7028330.875,24.1127868,28.996931866666667,0.235077558,16,17,6,2,25,0,4.884145066666669,1459.216614537685,336.15,341.1369047666677
2020-06-17 16:15:00,4135001,uHbuxQJl8lW7ozc,3502.375,343.95,5697.375,7286732.375,24.1127868,28.996931866666667,0.235077558,16,17,6,2,25,0,4.884145066666669,1462.5119969993057,343.175,341.0916666666678
2020-06-17 16:15:00,4135001,rGa61gmuvPhdLxV,3605.285714,353.9857143,5688.428571,7356635.429,24.1127868,28.996931866666667,0.235077558,16,17,6,2,25,0,4.884145066666669,1505.1849220238948,343.95,347.0369047666677
2020-06-17 16:15:00,4135001,pkci93gMrogZuBj,3583.75,351.9125,5685.75,7415163.75,24.1127868,28.996931866666667,0.235077558,16,17,6,2,25,0,4.884145066666669,1496.369394225958,353.9857143,349.9494047666678
2020-06-17 16:15:00,4135001,ih0vzX44oOqAx2f,3507.142857,344.4857143,5497.857143,6425868.857,24.1127868,28.996931866666667,0.235077558,16,17,6,2,25,0,4.884145066666669,1464.7899112040277,351.9125,350.12797620000106
2020-06-17 16:15:00,4135001,sjndEbLyjtCKgGv,3512.875,345.025,5619.625,7261413.625,24.1127868,28.996931866666667,0.235077558,16,17,6,2,25,0,4.884145066666669,1467.0830113815537,344.4857143,347.1410714333344
2020-06-17 16:15:00,4135001,McdE0feGgRqW7Ca,3525.625,346.3375,5719.125,7408314.125,24.1127868,28.996931866666667,0.235077558,16,17,6,2,25,0,4.884145066666669,1472.6639010342983,345.025,345.28273810000104
2020-06-17 16:15:00,4135001,bvBOhCH3iADSZry,3411.285714,334.9571429,5215.0,6538764.0,24.1127868,28.996931866666667,0.235077558,16,17,6,2,25,0,4.884145066666669,1424.2734117513037,346.3375,342.1065476333344
2020-06-17 16:15:00,4135001,adLQvlD726eNBSB,4089.625,401.35,5830.125,6524228.125,24.1127868,28.996931866666667,0.235077558,16,17,6,2,25,0,4.884145066666669,1706.5829044793468,334.9571429,360.8815476333344
2020-06-17 16:15:00,4135001,7JYdWkrLSPkdwr4,3804.0,373.3,5590.5,7846555.5,24.1127868,28.996931866666667,0.235077558,16,17,6,2,25,0,4.884145066666669,1587.3113199006857,401.35,369.8690476333345
2020-06-17 16:15:00,4135001,ZoEaEvLYb1n2sOq,3712.25,364.4375,5605.375,7341487.375,24.1127868,28.996931866666667,0.235077558,16,17,6,2,25,0,4.884145066666669,1549.6270269121512,373.3,379.6958333333344
2020-06-17 16:15:00,4135001,ZnxXDlPa8U1GXgE,3664.571429,359.8,5662.0,6770470.0,24.1127868,28.996931866666667,0.235077558,16,17,6,2,25,0,4.884145066666669,1529.907883472453,364.4375,365.8458333333344
2020-06-17 16:15:00,4135001,WRmjgnKYAwPKWDb,3950.142857,387.6857143,5686.142857,7273265.143,24.1127868,28.996931866666667,0.235077558,16,17,6,2,25,0,4.884145066666669,1648.480907774372,359.8,370.6410714333344
2020-06-17 16:15:00,4135001,VHMLBKoKgIrUVDU,3890.875,381.925,5734.0,7455935.0,24.1127868,28.996931866666667,0.235077558,16,17,6,2,25,0,4.884145066666669,1623.985737618723,387.6857143,376.4702381000011
2020-06-17 16:15:00,4135001,iCRJl6heRkivqQ3,3519.285714,345.7142857,5693.571429,7425999.571,24.1127868,28.996931866666667,0.235077558,16,17,6,2,25,0,4.884145066666669,1470.0139275193935,381.925,371.77500000000106
